id,created_time,ad_id,ad_name,adset_id,adset_name,campaign_id,campaign_name,form_id,form_name,is_organic,platform,nivel_académico,¿en_qué_franja_horaria_podemos_contactarte?,medio_de_contacto,nombre,apellido,número_de_teléfono,ciudad,correo_electrónico,lead_status
1889323371866348,2025-06-27T13:34:00-05:00,120225505390030192,Nuevo anuncio de Clientes potenciales,120225505390020192,Clientes potenciales Ventas matriz,120225505390040192,Nueva campaña de Clientes potenciales,698304299663609,Ventas matriz,false,fb,tercer_nivel_/universitario_-_grado,noche,mensaje_whatsapp,Rodrigo,Sánchez,+593988375901,Machala,rsanchez8@utmachala.edu.ec,complete
1168333971988353,2025-06-27T11:39:00-05:00,120225505390030192,Nuevo anuncio de Clientes potenciales,120225505390020192,Clientes potenciales Ventas matriz,120225505390040192,Nueva campaña de Clientes potenciales,698304299663609,Ventas matriz,false,fb,tercer_nivel_/universitario_-_grado,mañana_,mensaje_whatsapp,Edison,Balcazar,+593994054006,Loja,efbalcazar@gmail.com,complete
4190031554612298,2025-06-27T10:10:00-05:00,120225505390030192,Nuevo anuncio de Clientes potenciales,120225505390020192,Clientes potenciales Ventas matriz,120225505390040192,Nueva campaña de Clientes potenciales,698304299663609,Ventas matriz,false,fb,tercer_nivel_/universitario_-_grado,tarde,mensaje_whatsapp,Dolores Alexandra,Vivanco Campoverde,+593989576735,Loja,dvivancoc@unemi.edu.ec,complete
1254238872770231,2025-06-27T09:05:00-05:00,120225505390030192,Nuevo anuncio de Clientes potenciales,120225505390020192,Clientes potenciales Ventas matriz,120225505390040192,Nueva campaña de Clientes potenciales,698304299663609,Ventas matriz,false,fb,tercer_nivel_/universitario_-_grado,noche,mensaje_whatsapp,Marjorie,Bustamante,+593969806313,Celica,marjoriebustamantet@hotmail.com,complete
1286550453088729,2025-06-27T07:56:00-05:00,120225505390030192,Nuevo anuncio de Clientes potenciales,120225505390020192,Clientes potenciales Ventas matriz,120225505390040192,Nueva campaña de Clientes potenciales,698304299663609,Ventas matriz,false,fb,tercer_nivel_/universitario_-_grado,noche,mensaje_whatsapp,Danny,Bucay,+593992919505,Riobamba,danny.bucay@outlook.com,complete
1644618570308219,2025-06-27T00:24:00-05:00,120225505390030192,Nuevo anuncio de Clientes potenciales,120225505390020192,Clientes potenciales Ventas matriz,120225505390040192,Nueva campaña de Clientes potenciales,698304299663609,Ventas matriz,false,fb,tercer_nivel_/universitario_-_grado,mañana_,mensaje_whatsapp,Karlita Belen,Arellano Luna,+593969008043,Loja,reumaloja@hotmail.com,complete
1063223355311958,2025-06-26T22:47:00-05:00,120225505390030192,Nuevo anuncio de Clientes potenciales,120225505390020192,Clientes potenciales Ventas matriz,120225505390040192,Nueva campaña de Clientes potenciales,698304299663609,Ventas matriz,false,ig,tercer_nivel_/universitario_-_grado,tarde,mensaje_whatsapp,Francisco,Parra,+593995872604,Cuenca,xavierco_p@hotmail.com,complete
2189978348135689,2025-06-26T22:39:00-05:00,120225505390030192,Nuevo anuncio de Clientes potenciales,120225505390020192,Clientes potenciales Ventas matriz,120225505390040192,Nueva campaña de Clientes potenciales,698304299663609,Ventas matriz,false,fb,tercer_nivel_/universitario_-_grado,mañana_,mensaje_whatsapp,Gabriela,Toledo,+593981226550,Loja,gabytatyvega@gmail.com,complete
991033799609902,2025-06-26T21:43:00-05:00,120225505390030192,Nuevo anuncio de Clientes potenciales,120225505390020192,Clientes potenciales Ventas matriz,120225505390040192,Nueva campaña de Clientes potenciales,698304299663609,Ventas matriz,false,fb,tercer_nivel_/universitario_-_grado,mañana_,llamada,Juan Carlos,Díaz,+593999439843,Loja,juanycho@hotmail.com,complete
1845138649384992,2025-06-26T21:30:00-05:00,120225505390030192,Nuevo anuncio de Clientes potenciales,120225505390020192,Clientes potenciales Ventas matriz,120225505390040192,Nueva campaña de Clientes potenciales,698304299663609,Ventas matriz,false,fb,tercer_nivel_/universitario_-_grado,mañana_,mensaje_whatsapp,Ligia Maribel,Romero Granda,+593958998274,Celica,ligimari29@hotmail.com,complete
603298749491697,2025-06-26T21:05:00-05:00,120225505390030192,Nuevo anuncio de Clientes potenciales,120225505390020192,Clientes potenciales Ventas matriz,120225505390040192,Nueva campaña de Clientes potenciales,698304299663609,Ventas matriz,false,fb,tercer_nivel_/universitario_-_grado,mañana_,mensaje_whatsapp,Jorge Tulio,Carrión,+593994996094,Loja,jtuliocg@gmail.com,complete
1114580400513715,2025-06-26T20:51:00-05:00,120225505390030192,Nuevo anuncio de Clientes potenciales,120225505390020192,Clientes potenciales Ventas matriz,120225505390040192,Nueva campaña de Clientes potenciales,698304299663609,Ventas matriz,false,fb,tercer_nivel_/universitario_-_grado,noche,mensaje_whatsapp,Jeam,Guevara,+593939850867,Lago Agrio,luisgal1942@gmail.com,complete
727906519635111,2025-06-26T20:14:00-05:00,120225505390030192,Nuevo anuncio de Clientes potenciales,120225505390020192,Clientes potenciales Ventas matriz,120225505390040192,Nueva campaña de Clientes potenciales,698304299663609,Ventas matriz,false,fb,tercer_nivel_/universitario_-_grado,mañana_,mensaje_whatsapp,Jonathan,Landacay,+593980128564,Loja,jonathanlandacy@gmail.com,complete
697206836448234,2025-06-26T19:52:00-05:00,120225505390030192,Nuevo anuncio de Clientes potenciales,120225505390020192,Clientes potenciales Ventas matriz,120225505390040192,Nueva campaña de Clientes potenciales,698304299663609,Ventas matriz,false,fb,tercer_nivel_/universitario_-_grado,tarde,mensaje_whatsapp,Nathalie,Carrillo,+593984251505,Quito,natha_54@hotmail.com,complete
1764859547739628,2025-06-26T19:39:00-05:00,120225505390030192,Nuevo anuncio de Clientes potenciales,120225505390020192,Clientes potenciales Ventas matriz,120225505390040192,Nueva campaña de Clientes potenciales,698304299663609,Ventas matriz,false,fb,tercer_nivel_/universitario_-_grado,noche,mensaje_whatsapp,Silvia,Ruiz,+593983810263,Piñas,silvita_2802@hotmail.com,complete
1505505133785486,2025-06-26T19:30:00-05:00,120225505390030192,Nuevo anuncio de Clientes potenciales,120225505390020192,Clientes potenciales Ventas matriz,120225505390040192,Nueva campaña de Clientes potenciales,698304299663609,Ventas matriz,false,ig,tercer_nivel_/universitario_-_grado,tarde,mensaje_whatsapp,Paola Manzano,Manzano,+593963929736,Guayaquil,pc.manzano.mora@gmail.com,complete
621175661007143,2025-06-26T19:14:00-05:00,120225505390030192,Nuevo anuncio de Clientes potenciales,120225505390020192,Clientes potenciales Ventas matriz,120225505390040192,Nueva campaña de Clientes potenciales,698304299663609,Ventas matriz,false,fb,tercer_nivel_/universitario_-_grado,noche,mensaje_whatsapp,Freddy,Marcillo Rivadeneira,+593980710030,Puerto de Manta,fpmarcillo@gmail.com,complete
716963897741375,2025-06-26T18:48:00-05:00,120225505390030192,Nuevo anuncio de Clientes potenciales,120225505390020192,Clientes potenciales Ventas matriz,120225505390040192,Nueva campaña de Clientes potenciales,698304299663609,Ventas matriz,false,fb,tercer_nivel_/universitario_-_grado,noche,mensaje_whatsapp,Jorge Eduardo,Ortiz Maldonado,+593988009747,Riobamba,jeortizmaldonado@gmail.com,complete
4090299754574550,2025-06-26T18:08:00-05:00,120225505390030192,Nuevo anuncio de Clientes potenciales,120225505390020192,Clientes potenciales Ventas matriz,120225505390040192,Nueva campaña de Clientes potenciales,698304299663609,Ventas matriz,false,ig,tercer_nivel_/universitario_-_grado,noche,mensaje_whatsapp,Fabian,Viñansaca,988949277,Cuenca,fmvj.899@gmail.com,complete
1058855159104038,2025-06-26T16:46:00-05:00,120225505390030192,Nuevo anuncio de Clientes potenciales,120225505390020192,Clientes potenciales Ventas matriz,120225505390040192,Nueva campaña de Clientes potenciales,698304299663609,Ventas matriz,false,fb,tercer_nivel_/universitario_-_grado,tarde,mensaje_whatsapp,Héctor,Haz,+593939056515,Guayaquil,hector.haz2013@gmail.com,complete
705300018879483,2025-06-26T15:38:00-05:00,120225505390030192,Nuevo anuncio de Clientes potenciales,120225505390020192,Clientes potenciales Ventas matriz,120225505390040192,Nueva campaña de Clientes potenciales,698304299663609,Ventas matriz,false,fb,tercer_nivel_/universitario_-_grado,mañana_,mensaje_whatsapp,David,Barahona,+593997509319,Milagro,david.barahona@hotmail.com,complete
1055406156683769,2025-06-26T15:37:00-05:00,120225505390030192,Nuevo anuncio de Clientes potenciales,120225505390020192,Clientes potenciales Ventas matriz,120225505390040192,Nueva campaña de Clientes potenciales,698304299663609,Ventas matriz,false,fb,tercer_nivel_/universitario_-_grado,mañana_,mensaje_whatsapp,José,Correa Riofrio,+593991572215,Loja,jossecorrea@hotmail.com,complete
1227425105597329,2025-06-26T14:21:00-05:00,120225505390030192,Nuevo anuncio de Clientes potenciales,120225505390020192,Clientes potenciales Ventas matriz,120225505390040192,Nueva campaña de Clientes potenciales,698304299663609,Ventas matriz,false,ig,tercer_nivel_/universitario_-_grado,noche,mensaje_whatsapp,Priscila,Villa,+593986642528,Loja,lillyvillap@outlook.es,complete
701440262813785,2025-06-26T14:04:00-05:00,120225505390030192,Nuevo anuncio de Clientes potenciales,120225505390020192,Clientes potenciales Ventas matriz,120225505390040192,Nueva campaña de Clientes potenciales,698304299663609,Ventas matriz,false,fb,tercer_nivel_/universitario_-_grado,tarde,mensaje_whatsapp,Mario,Cabrera,+593995123419,loja,mario_cabrera@bancodeloja.fin.ec,complete
1285916372896148,2025-06-26T14:03:00-05:00,120225505390030192,Nuevo anuncio de Clientes potenciales,120225505390020192,Clientes potenciales Ventas matriz,120225505390040192,Nueva campaña de Clientes potenciales,698304299663609,Ventas matriz,false,fb,tercer_nivel_/universitario_-_grado,mañana_,mensaje_whatsapp,Victor Ushiña,Ushiña,+593958825670,Quito,vicho_ug@hotmail.com,complete
1617444125611572,2025-06-25T21:32:00-05:00,120225505390030192,Nuevo anuncio de Clientes potenciales,120225505390020192,Clientes potenciales Ventas matriz,120225505390040192,Nueva campaña de Clientes potenciales,698304299663609,Ventas matriz,false,fb,tercer_nivel_/universitario_-_grado,mañana_,mensaje_whatsapp,Luis,Burneo,+593989981392,loja,burneoluis@gmail.com,complete
1435041670859741,2025-06-25T20:27:00-05:00,120225505390030192,Nuevo anuncio de Clientes potenciales,120225505390020192,Clientes potenciales Ventas matriz,120225505390040192,Nueva campaña de Clientes potenciales,698304299663609,Ventas matriz,false,fb,tercer_nivel_/universitario_-_grado,mañana_,mensaje_whatsapp,Hugo,Tene,+593991249432,Loja,ismaeltene@hotmail.com,complete
1758680088058627,2025-06-25T15:54:00-05:00,120225505390030192,Nuevo anuncio de Clientes potenciales,120225505390020192,Clientes potenciales Ventas matriz,120225505390040192,Nueva campaña de Clientes potenciales,698304299663609,Ventas matriz,false,ig,tercer_nivel_/universitario_-_grado,tarde,mensaje_whatsapp,Wilmer,Stalin,969340413,Píllaro Nuevo,wilmer24s45@gmail.com,complete
1707704299948482,2025-06-25T13:41:00-05:00,120225505390030192,Nuevo anuncio de Clientes potenciales,120225505390020192,Clientes potenciales Ventas matriz,120225505390040192,Nueva campaña de Clientes potenciales,698304299663609,Ventas matriz,false,fb,tercer_nivel_/universitario_-_grado,noche,mensaje_whatsapp,Fernando,Vaca,+593980248917,Quito,bryanvaca555@gmail.com,complete
2117694345391183,2025-06-25T13:41:00-05:00,120225505390030192,Nuevo anuncio de Clientes potenciales,120225505390020192,Clientes potenciales Ventas matriz,120225505390040192,Nueva campaña de Clientes potenciales,698304299663609,Ventas matriz,false,ig,tercer_nivel_/universitario_-_grado,noche,mensaje_whatsapp,Luis Rosero,Valencia,+593991019301,Quito,consultorlr2024@gmail.com,complete
1022074363412804,2025-06-25T13:21:00-05:00,120225505390030192,Nuevo anuncio de Clientes potenciales,120225505390020192,Clientes potenciales Ventas matriz,120225505390040192,Nueva campaña de Clientes potenciales,698304299663609,Ventas matriz,false,fb,tercer_nivel_/universitario_-_grado,noche,mensaje_whatsapp,César,Pineda,+593998032738,Loja,cesarpinedaarmijos@hotmail.com,complete
2195016897588901,2025-06-25T12:21:00-05:00,120225505390030192,Nuevo anuncio de Clientes potenciales,120225505390020192,Clientes potenciales Ventas matriz,120225505390040192,Nueva campaña de Clientes potenciales,698304299663609,Ventas matriz,false,ig,tercer_nivel_/universitario_-_grado,mañana_,llamada,Marcelo Javier,JE,+593984334733,Quito,chelo_je@hotmail.com,complete
1184085483472801,2025-06-25T11:50:00-05:00,120225505390030192,Nuevo anuncio de Clientes potenciales,120225505390020192,Clientes potenciales Ventas matriz,120225505390040192,Nueva campaña de Clientes potenciales,698304299663609,Ventas matriz,false,fb,tercer_nivel_/universitario_-_grado,mañana_,mensaje_whatsapp,Luli,QS,+593990360903,Loja,luli_ql@hotmail.com,complete
1811216522933247,2025-06-25T11:28:00-05:00,120225505390030192,Nuevo anuncio de Clientes potenciales,120225505390020192,Clientes potenciales Ventas matriz,120225505390040192,Nueva campaña de Clientes potenciales,698304299663609,Ventas matriz,false,fb,tercer_nivel_/universitario_-_grado,tarde,mensaje_whatsapp,Luis,Calle,+593986968268,Cuenca,luis.calle@ucuenca.edu.ec,complete
1737797156863407,2025-06-25T10:00:00-05:00,120225505390030192,Nuevo anuncio de Clientes potenciales,120225505390020192,Clientes potenciales Ventas matriz,120225505390040192,Nueva campaña de Clientes potenciales,698304299663609,Ventas matriz,false,fb,tercer_nivel_/universitario_-_grado,mañana_,llamada,LAURA,ROCHINA,+593994751059,Guaranda,laurirochina@gmail.com,complete
1411711459860167,2025-06-25T08:39:00-05:00,120225505390030192,Nuevo anuncio de Clientes potenciales,120225505390020192,Clientes potenciales Ventas matriz,120225505390040192,Nueva campaña de Clientes potenciales,698304299663609,Ventas matriz,false,fb,tercer_nivel_/universitario_-_grado,noche,mensaje_whatsapp,Kevin,Ismael,+593986750727,Cuenca,kevinochoa1998@hotmail.com,complete
1751616115451779,2025-06-25T08:16:00-05:00,120225505390030192,Nuevo anuncio de Clientes potenciales,120225505390020192,Clientes potenciales Ventas matriz,120225505390040192,Nueva campaña de Clientes potenciales,698304299663609,Ventas matriz,false,fb,tercer_nivel_/universitario_-_grado,noche,mensaje_whatsapp,Diego,Sánchez Fernández,+593986138845,Loja,diegofersanchezfernandez@gmail.com,complete
1230616962038947,2025-06-25T06:45:00-05:00,120225505390030192,Nuevo anuncio de Clientes potenciales,120225505390020192,Clientes potenciales Ventas matriz,120225505390040192,Nueva campaña de Clientes potenciales,698304299663609,Ventas matriz,false,fb,tercer_nivel_/universitario_-_grado,mañana_,mensaje_whatsapp,Terry,Mendieta,+593981990203,Loja,terry971220@gmail.com,complete
1036830828609916,2025-06-25T06:35:00-05:00,120225505390030192,Nuevo anuncio de Clientes potenciales,120225505390020192,Clientes potenciales Ventas matriz,120225505390040192,Nueva campaña de Clientes potenciales,698304299663609,Ventas matriz,false,fb,tercer_nivel_/universitario_-_grado,tarde,mensaje_whatsapp,Jorge,Abad,+593981285682,Loja,jhabad@utpl.edu.ec,complete
1819989038944054,2025-06-25T05:48:00-05:00,120225505390030192,Nuevo anuncio de Clientes potenciales,120225505390020192,Clientes potenciales Ventas matriz,120225505390040192,Nueva campaña de Clientes potenciales,698304299663609,Ventas matriz,false,ig,tercer_nivel_/universitario_-_grado,mañana_,mensaje_whatsapp,Fer A.,Garnica,+593984085949,Guayaquil,neyaucapina@hotmail.com,complete
713847398013723,2025-06-25T05:35:00-05:00,120225505390030192,Nuevo anuncio de Clientes potenciales,120225505390020192,Clientes potenciales Ventas matriz,120225505390040192,Nueva campaña de Clientes potenciales,698304299663609,Ventas matriz,false,fb,tercer_nivel_/universitario_-_grado,noche,mensaje_whatsapp,Graduados Adm Empresas,Utmach,+593987099573,Machala,pullaedu@gmail.com,complete
582963778209170,2025-06-24T21:50:00-05:00,120225505390030192,Nuevo anuncio de Clientes potenciales,120225505390020192,Clientes potenciales Ventas matriz,120225505390040192,Nueva campaña de Clientes potenciales,698304299663609,Ventas matriz,false,fb,tercer_nivel_/universitario_-_grado,tarde,mensaje_whatsapp,Germán,Sánchez,+593999782572,Quito,ecogerman93@hotmail.com,complete
2727456830779541,2025-06-24T21:42:00-05:00,120225505390030192,Nuevo anuncio de Clientes potenciales,120225505390020192,Clientes potenciales Ventas matriz,120225505390040192,Nueva campaña de Clientes potenciales,698304299663609,Ventas matriz,false,fb,tercer_nivel_/universitario_-_grado,mañana_,llamada,Israel,Rodriguez,+593939402299,Loja,israelrodriguez63@gmail.com,complete
9712080555581733,2025-06-24T21:26:00-05:00,120225505390030192,Nuevo anuncio de Clientes potenciales,120225505390020192,Clientes potenciales Ventas matriz,120225505390040192,Nueva campaña de Clientes potenciales,698304299663609,Ventas matriz,false,fb,tercer_nivel_/universitario_-_grado,noche,mensaje_whatsapp,Jorge,Cabrera,+593982247341,loja,jgcabrera111@gmail.com,complete
1538460913795161,2025-06-24T21:19:00-05:00,120225505390030192,Nuevo anuncio de Clientes potenciales,120225505390020192,Clientes potenciales Ventas matriz,120225505390040192,Nueva campaña de Clientes potenciales,698304299663609,Ventas matriz,false,fb,tercer_nivel_/universitario_-_grado,mañana_,mensaje_whatsapp,Juan H.,Avellaneda Cevallos,+593984369504,Quevedo,javellaneda@uteq.edu.ec,complete
767407182289565,2025-06-24T21:02:00-05:00,120225505390030192,Nuevo anuncio de Clientes potenciales,120225505390020192,Clientes potenciales Ventas matriz,120225505390040192,Nueva campaña de Clientes potenciales,698304299663609,Ventas matriz,false,fb,tercer_nivel_/universitario_-_grado,mañana_,mensaje_whatsapp,Victor H.,Largo,+593984878261,Quito,victorlargom@gmail.com,complete