﻿id,created_time,ad_id,ad_name,adset_id,adset_name,campaign_id,campaign_name,form_id,form_name,is_organic,platform,nivel_académico,¿en_qué_franja_horaria_podemos_contactarte?,medio_de_contacto,nombre,apellido,número_de_teléfono,ciudad,correo_electrónico,lead_status
4178648972406895,2025-06-20T05:42:47-05:00,120225505390030192,Nuevo anuncio de Clientes potenciales,as:120225505390020192,Clientes potenciales Ventas matriz,120225505390040192,Nueva campaña de Clientes potenciales,698304299663609,Ventas matriz,false,ig,tercer_nivel_/universitario_-_grado,noche,mensaje_whatsapp,alex,pin,+593984669751,Tulcán,alexander.pinchao@gmail.com,complete
1726958888189304,2025-06-19T22:59:54-05:00,120225505390030192,Nuevo anuncio de Clientes potenciales,as:120225505390020192,Clientes potenciales Ventas matriz,120225505390040192,Nueva campaña de Clientes potenciales,698304299663609,Ventas matriz,false,fb,tercer_nivel_/universitario_-_grado,noche,mensaje_whatsapp,Luis,Macias,+593980949677,Guayaquil,luismiguel_macias@hotmail.com,complete
1064584195604797,2025-06-19T19:19:08-05:00,120225505390030192,Nuevo anuncio de Clientes potenciales,as:120225505390020192,Clientes potenciales Ventas matriz,120225505390040192,Nueva campaña de Clientes potenciales,698304299663609,Ventas matriz,false,ig,tercer_nivel_/universitario_-_grado,noche,mensaje_whatsapp,Jorge,Sarcos,+593939560905,Babahoyo,jorgesarcos95@gmail.com,complete
1499566534786852,2025-06-19T15:49:07-05:00,120225505390030192,Nuevo anuncio de Clientes potenciales,as:120225505390020192,Clientes potenciales Ventas matriz,120225505390040192,Nueva campaña de Clientes potenciales,698304299663609,Ventas matriz,false,fb,tercer_nivel_/universitario_-_grado,mañana_,mensaje_whatsapp,Marco,Cando,+593963654587,manta,marcocandos@yahoo.es,complete
618199797956949,2025-06-19T11:29:16-05:00,120225505390030192,Nuevo anuncio de Clientes potenciales,as:120225505390020192,Clientes potenciales Ventas matriz,120225505390040192,Nueva campaña de Clientes potenciales,698304299663609,Ventas matriz,false,fb,tercer_nivel_/universitario_-_grado,noche,mensaje_whatsapp,Jose,Vicente,+593968297406,loja,josheluis_96@hotmail.com,complete
1238362448022354,2025-06-19T09:23:39-05:00,120225505390030192,Nuevo anuncio de Clientes potenciales,as:120225505390020192,Clientes potenciales Ventas matriz,120225505390040192,Nueva campaña de Clientes potenciales,698304299663609,Ventas matriz,false,fb,tercer_nivel_/universitario_-_grado,noche,mensaje_whatsapp,Freddy,Espinoza,+593967242941,Loja,fdespinozaq@gmail.com,complete
2451101418591073,2025-06-19T09:20:48-05:00,120225505390030192,Nuevo anuncio de Clientes potenciales,as:120225505390020192,Clientes potenciales Ventas matriz,120225505390040192,Nueva campaña de Clientes potenciales,698304299663609,Ventas matriz,false,fb,tercer_nivel_/universitario_-_grado,mañana_,mensaje_whatsapp,Franklin,Avila Larrea,+593991573937,Cuenca,favila.solavi@gmail.com,complete
1704695743518951,2025-06-19T05:00:02-05:00,120225505390030192,Nuevo anuncio de Clientes potenciales,as:120225505390020192,Clientes potenciales Ventas matriz,120225505390040192,Nueva campaña de Clientes potenciales,698304299663609,Ventas matriz,false,ig,tercer_nivel_/universitario_-_grado,tarde,mensaje_whatsapp,Peter,Vallejo,+593998607441,Quito,pvallejoc4@gmail.com,complete
1025357896375815,2025-06-18T21:22:51-05:00,120225505390030192,Nuevo anuncio de Clientes potenciales,as:120225505390020192,Clientes potenciales Ventas matriz,120225505390040192,Nueva campaña de Clientes potenciales,698304299663609,Ventas matriz,false,fb,tercer_nivel_/universitario_-_grado,mañana_,mensaje_whatsapp,Marco,López,+593991370460,Loja,mvlopez.p@gmail.com,complete
652818864461113,2025-06-18T20:06:36-05:00,120225505390030192,Nuevo anuncio de Clientes potenciales,as:120225505390020192,Clientes potenciales Ventas matriz,120225505390040192,Nueva campaña de Clientes potenciales,698304299663609,Ventas matriz,false,fb,tercer_nivel_/universitario_-_grado,noche,mensaje_whatsapp,Katherine,Narváez,+593993007317,Loja,nadiaknf29@gmail.com,complete
1943058963098614,2025-06-18T18:43:41-05:00,120225505390030192,Nuevo anuncio de Clientes potenciales,as:120225505390020192,Clientes potenciales Ventas matriz,120225505390040192,Nueva campaña de Clientes potenciales,698304299663609,Ventas matriz,false,fb,tercer_nivel_/universitario_-_grado,noche,correo_electrónico,Carlos,Gallo,+593990162423,San Miguel,rafayopz@yahoo.com,complete
748070260891961,2025-06-18T18:15:00-05:00,120225505390030192,Nuevo anuncio de Clientes potenciales,as:120225505390020192,Clientes potenciales Ventas matriz,120225505390040192,Nueva campaña de Clientes potenciales,698304299663609,Ventas matriz,false,fb,tercer_nivel_/universitario_-_grado,noche,mensaje_whatsapp,Francisco Morocho,Chamba,+593988344650,loja,francisco.morocho@unl.edu.ec,complete
1678634936104848,2025-06-18T18:14:05-05:00,120225505390030192,Nuevo anuncio de Clientes potenciales,as:120225505390020192,Clientes potenciales Ventas matriz,120225505390040192,Nueva campaña de Clientes potenciales,698304299663609,Ventas matriz,false,fb,tercer_nivel_/universitario_-_grado,mañana_,mensaje_whatsapp,Leandro,Gallegos,+593992651781,Pelileo,faby01gallegos@hotmail.com,complete
4178915095765629,2025-06-18T17:29:22-05:00,120225505390030192,Nuevo anuncio de Clientes potenciales,as:120225505390020192,Clientes potenciales Ventas matriz,120225505390040192,Nueva campaña de Clientes potenciales,698304299663609,Ventas matriz,false,fb,tercer_nivel_/universitario_-_grado,mañana_,mensaje_whatsapp,Xavier,Japa,+593986717497,Yantzaza,xavenjaer@yahoo.es,complete
590880074063496,2025-06-18T15:49:07-05:00,120225505390030192,Nuevo anuncio de Clientes potenciales,as:120225505390020192,Clientes potenciales Ventas matriz,120225505390040192,Nueva campaña de Clientes potenciales,698304299663609,Ventas matriz,false,fb,tercer_nivel_/universitario_-_grado,tarde,mensaje_whatsapp,Max,Mendoza,+593992735050,Quito,maxmendoza.b30@gmail.com,complete
1381715433109959,2025-06-18T15:17:16-05:00,120225505390030192,Nuevo anuncio de Clientes potenciales,as:120225505390020192,Clientes potenciales Ventas matriz,120225505390040192,Nueva campaña de Clientes potenciales,698304299663609,Ventas matriz,false,fb,tercer_nivel_/universitario_-_grado,noche,mensaje_whatsapp,Mauricio,Carrera,+593992783755,Quito,mauro.carrera78@gmail.com,complete
738577921961196,2025-06-18T10:18:44-05:00,120225505390030192,Nuevo anuncio de Clientes potenciales,as:120225505390020192,Clientes potenciales Ventas matriz,120225505390040192,Nueva campaña de Clientes potenciales,698304299663609,Ventas matriz,false,fb,tercer_nivel_/universitario_-_grado,noche,mensaje_whatsapp,Dennis,Chamba,+593969258793,Quito,denscham@gmail.com,complete
588330717269741,2025-06-18T07:42:07-05:00,120225505390030192,Nuevo anuncio de Clientes potenciales,as:120225505390020192,Clientes potenciales Ventas matriz,120225505390040192,Nueva campaña de Clientes potenciales,698304299663609,Ventas matriz,false,fb,tercer_nivel_/universitario_-_grado,tarde,mensaje_whatsapp,Wilson Ruben,Palma,+593985390368,Santo Domingo,zevayoz@gmail.com,complete
1793042251555653,2025-06-18T07:37:04-05:00,120225505390030192,Nuevo anuncio de Clientes potenciales,as:120225505390020192,Clientes potenciales Ventas matriz,120225505390040192,Nueva campaña de Clientes potenciales,698304299663609,Ventas matriz,false,fb,tercer_nivel_/universitario_-_grado,mañana_,correo_electrónico,Patricio,Jaramillo,+593990278051,Loja,patriciojaramillo111@gmail.com,complete
1767980710463535,2025-06-18T06:52:19-05:00,120225505390030192,Nuevo anuncio de Clientes potenciales,as:120225505390020192,Clientes potenciales Ventas matriz,120225505390040192,Nueva campaña de Clientes potenciales,698304299663609,Ventas matriz,false,fb,tercer_nivel_/universitario_-_grado,mañana_,mensaje_whatsapp,Erick,Cordova,+593980683013,Cuenca,erick9328@gmail.com,complete
716361634373168,2025-06-18T05:09:05-05:00,120225505390030192,Nuevo anuncio de Clientes potenciales,as:120225505390020192,Clientes potenciales Ventas matriz,120225505390040192,Nueva campaña de Clientes potenciales,698304299663609,Ventas matriz,false,fb,tercer_nivel_/universitario_-_grado,mañana_,mensaje_whatsapp,Margarita,Palma,+593968231503,Santa Elena,mdpalma3@espe.edu.ec,complete
692364150251537,2025-06-18T04:59:31-05:00,120225505390030192,Nuevo anuncio de Clientes potenciales,as:120225505390020192,Clientes potenciales Ventas matriz,120225505390040192,Nueva campaña de Clientes potenciales,698304299663609,Ventas matriz,false,ig,tercer_nivel_/universitario_-_grado,mañana_,mensaje_whatsapp,Diego Fernando,Cueva,+593982886204,Loja,dfcuevacueva@gmail.com,complete
632393009865154,2025-06-18T02:08:32-05:00,120225505390030192,Nuevo anuncio de Clientes potenciales,as:120225505390020192,Clientes potenciales Ventas matriz,120225505390040192,Nueva campaña de Clientes potenciales,698304299663609,Ventas matriz,false,ig,tercer_nivel_/universitario_-_grado,mañana_,mensaje_whatsapp,Jonatan,Gordón,+593979196350,Latacunga,jonatan8890@hotmail.com,complete
1017030953945308,2025-06-18T00:46:45-05:00,120225505390030192,Nuevo anuncio de Clientes potenciales,as:120225505390020192,Clientes potenciales Ventas matriz,120225505390040192,Nueva campaña de Clientes potenciales,698304299663609,Ventas matriz,false,ig,tercer_nivel_/universitario_-_grado,noche,mensaje_whatsapp,Homero,Espinoza,0991741803,Durán,homeroesp@hotmail.com,complete
1456413375792543,2025-06-18T00:34:45-05:00,120225505390030192,Nuevo anuncio de Clientes potenciales,as:120225505390020192,Clientes potenciales Ventas matriz,120225505390040192,Nueva campaña de Clientes potenciales,698304299663609,Ventas matriz,false,fb,tercer_nivel_/universitario_-_grado,mañana_,mensaje_whatsapp,David Josué,Jimenez Jiménez,+593981188270,Loja,djosuejj@gmail.com,complete
1497452818098056,2025-06-18T00:31:08-05:00,120225505390030192,Nuevo anuncio de Clientes potenciales,as:120225505390020192,Clientes potenciales Ventas matriz,120225505390040192,Nueva campaña de Clientes potenciales,698304299663609,Ventas matriz,false,fb,tercer_nivel_/universitario_-_grado,noche,mensaje_whatsapp,Patricio,Paredes,+593986665365,Loja,patricparedes18@gmail.com,complete
1058861265663970,2025-06-17T22:41:03-05:00,120225505390030192,Nuevo anuncio de Clientes potenciales,as:120225505390020192,Clientes potenciales Ventas matriz,120225505390040192,Nueva campaña de Clientes potenciales,698304299663609,Ventas matriz,false,ig,tercer_nivel_/universitario_-_grado,mañana_,mensaje_whatsapp,Danilo Burneo,Rosillo,+593960280910,Loja,daeb5858@gmail.com,complete
1168267951770215,2025-06-17T22:35:13-05:00,120225505390030192,Nuevo anuncio de Clientes potenciales,as:120225505390020192,Clientes potenciales Ventas matriz,120225505390040192,Nueva campaña de Clientes potenciales,698304299663609,Ventas matriz,false,ig,tercer_nivel_/universitario_-_grado,tarde,mensaje_whatsapp,Lenin Francisco,Cepeda Fernández,+593962898137,Quito,lenincepeda92@outlook.com,complete
687803604018067,2025-06-17T21:09:18-05:00,120225505390030192,Nuevo anuncio de Clientes potenciales,as:120225505390020192,Clientes potenciales Ventas matriz,120225505390040192,Nueva campaña de Clientes potenciales,698304299663609,Ventas matriz,false,ig,tercer_nivel_/universitario_-_grado,noche,mensaje_whatsapp,Cesar A. Mejía,C.,+593979122828,Ciudad de Machachi,cesaralejandro3103@hotmail.com,complete
963830019051924,2025-06-17T20:17:01-05:00,120225505390030192,Nuevo anuncio de Clientes potenciales,as:120225505390020192,Clientes potenciales Ventas matriz,120225505390040192,Nueva campaña de Clientes potenciales,698304299663609,Ventas matriz,false,fb,tercer_nivel_/universitario_-_grado,tarde,mensaje_whatsapp,Luis,López T,+593999060128,Riobamba,luis.lopez@unach.edu.ec,complete